#{"t_start": 1676972272.5126808, "env_id": "PathColav3d-v0"}
r,l,t--20305.169317,3115,40.4501-58-2-20390.189735,3342,85.359202---6820.700158,2927,125.6262-200--5344.598645,2976,166.028926
-20126.495399,3993,202.547918
-5230.289447,2320,236.346269
-2723.854992,1584,255.045138
-3234.405493,2059,282.733114
-3288.546389,1172,297.647205-20179.161479,3115,316.820892
-20189.004216,3217,357.73773
-1323.419979,811,365.371147--20243.09432,1697,389.7287
-20164.770502,3456,434.560965
-4918.520009,2637,471.743141
-20012.631775,1579,490.997449
-20-20091.320565,2875,526.05473-7749.097761,1439,537.817416
-2879.720271,1769,557.773131
-20277.535536,1446,579.161483
-5713.346336,1970,605.553028
-8562.395205,4357,663.429579
-20123.745567,2482,695.030389
-20159.059807,1834,720.778408
-20001.08608,3251,764.182128
-18502.090226,1208,779.88648
-20230.809626,4350,842.288976
-20382.443398,1396,859.243734
-11300.554148,1955,886.002725
-1934.1867,1126,900.772981
-20039.39008,3261,943.436883
-6846.952503,1377,964.938252
-20105.169253,2876,1000.111591
-20081.284611,3660,1051.379462
-3310.878994,1048,1065.434487
-20273.441698,1086,1079.427403
-2083.189825,808,1091.4-6218.40-20146.921612,2101,1119.-8729.235-20042.731673,2277,1149-20390.-20015.871265,4580,1184.15-20172.-14024.080746,2816,1219.464469
-5569.385774,2685,1257.4403-2013-2061.301189,1108,1272.3319-2013-20237.123282,4416,1331.480651
-20114.635507,2744,1370.119979
-20239.807429,2811,1410.067851
-2489.382556,1212,1425.865297
-2526.367732,829,1437.91835-202-20119.266132,5061,1507.153223
-4319.554042,2350,1537.573799
-3930.69056,1561,1556.247554-20126.774961,3024,1575.98-20190.-20125.819451,2000,1603.00-20047.-20143.307655,3000,1644.16-20070.-20081.641462,2867,1680.4-20039-17465.411978,6558,1722.792088
-20003.484953,3066,1763.757568
-20-17918.517964,3785,1800.280215-40-3180.039347,1984,1826.673116
-20125.232701,4723,1887.77873
-1919.621133,1225,1907.274232
-4403.190675,1601,1926.49365-20000.661411,4129,1949.497115
-2-6161.085422,2201,1976.472534-20157.223507,2734,2009.95876
-3890.354358,1619,2033.403991
-3588.113767,1636,2052.843505
-20115.230478,6026,2134.641989
-20072.465478,1900,2160.813014
-4676.501364,1815,2186.055174
-20019.124136,2250,2215.837794
-20161.06391,3234,2259.123836
-1716.214325,701,2269.772468
-7272.804164,1123,2284.7363-200-20480.226618,2461,2316.031752
-20044.773873,3190,2362.576943
-4699.733181,2032,2390.12-17831-3187.222367,1726,2410.1480-16011.240574,3031,2434.065279
-26-5225.946486,2500,2453.810876-20-20148.113056,3109,2495.394547-20006.397227,4533,2558.715734
-20040.143637,5795,2638.037603
-15077.251823,4874,2700.967227
-3358.42372,1149,2716.132828
-1180.566918,827,2728.306618
-20161.529098,2693,2766.390262
-1887.796516,744,2777.508741
-20097.35459,2226,2807.132099
-3738.50339,2277,2836.43777
-20042.854522,3693,2888.406304
-3023.530638,1513,2906.871647
-1822.204826,1116,2921.293458
-20340.450368,2591,2957.654444
-20223.171368,3559,3003.715357
-20273.416036,1530,3026.321126
-20090.155541,3308,3069.944222
-20306.639872,3863,3123.423945
-5564.538053,2522,3154.836118
-5239.315883,2291,3184.821536
-4809.323491,1914,3210.703991
-20091.308222,1233,3226.122382
-20036.796385,1620,3249.989738
-20099.264255,997,3263.569081
-1324.606285,691,3274.191421
-1792.910944,1107,3288.719033
-20028.978674,887,3301.297534
-20084.129623,2483,3333.039882
-3774.641368,1893,3359.249211
-1840.759516,1035,3373.20723
-2347.974402,1246,3388.960498
-20001.97876,1908,3415.476344
-14993.386938,1122,3430.222069
-20119.825535,1601,3453.863756
-20078.625365,3460,3499.054986
-20085.55783,2201,3528.468066
-20180.611667,1634,3552.143626
-2997.462711,1570,3571.277414
-20121.704326,2068,3599.240706
-20128.646171,2897,3639.612382
-6268.551108,1489,3662.111618
-20195.152182,4544,3721.417407
-20077.602055,3538,3767.620875
-20068.153534,2641,3805.394344
-3796.907229,1220,3821.103839
-2371.543425,1027,3834.964761
-20183.306457,6765,3928.176365
-20000.872304,4282,3985.594665
-20017.11056,3565,4036.354225
-7832.496426,1771,4056.814351
-20219.148425,1018,4070.649869
-20073.671816,2549,4106.756356
-20065.756824,1344,4123.776319
-20026.93172,2308,4154.268585
-2257.303149,853,4166.356197
-4920.743504,1672,4190.321777
-20159.253463,2246,4219.707145
-1341.428587,719,4230.606322
-20279.823739,1473,4248.747892
-2040.163598,791,4260.263667
-20000.301702,3737,4312.634826
-20127.565292,1354,4329.461919
-4522.210072,2146,4357.722666
-20003.875679,2450,4389.282492
-20191.05344,1328,4410.033238
-2866.146894,1207,4425.679698
-20067.957186,1903,4451.584767
-20013.821297,2012,4479.09219
-20120.573036,1440,4496.688161
-20104.742535,5015,4564.855481
-1910.017375,887,4577.296221
-20158.357338,3662,4624.62552
-2288.271571,849,4636.9052
-20257.689777,955,4650.057308
-17505.030307,2892,4689.661144
-7647.353768,1931,4716.239711
-1795.825348,825,4728.225109
-6598.298593,2214,4757.53568
-2604.732859,1632,4777.02301
-20102.68826,2503,4813.138077
-20145.517396,6382,4898.142714
-20037.649482,2073,4926.071386
-20011.386725,1431,4947.768924
-1810.930841,977,4956.715477
-2204.27936,1022,4970.630406
-1542.266322,809,4982.43009
-1103.662777,815,4994.714998
-20047.141755,1536,5017.316285
-15415.638106,2589,5050.214521
-20428.609341,2031,5077.708902
-17542.920261,5841,5156.712514
-4301.826673,1954,5183.151346
-4182.413004,1568,5202.102582
-20071.320621,2813,5241.415129
-1564.182748,805,5253.658467
-20014.693517,3858,5306.635205
-20157.684837,3274,5349.365327
-4734.304941,2430,5380.280255
-1885.128992,1080,5394.586401
-20005.016676,1351,5411.460395
-20284.67053,1918,5437.582556
-3021.907052,1387,5459.035861
-20062.6701,920,5471.677791
-9740.690182,1915,5494.242435
-18841.169106,2581,5531.324789
-2424.646678,1148,5546.114577
-20005.655049,1313,5562.332826
-2730.407157,1221,5581.656011
-1481.49696,669,5587.654073
-1907.631291,939,5600.722248
-6514.145428,2879,5640.631058
-20044.537116,2883,5679.697839
-20051.850085,3162,5720.949064
-1565.317568,640,5726.887397
-20002.583229,3788,5778.49389
-14228.556106,4586,5840.98025
-20346.031443,2186,5869.262637
-20222.257572,2702,5902.981459
-8195.153782,1727,5927.323235
-20229.306024,2683,5965.036865
-20041.016894,5681,6038.948772
-20185.877294,2649,6076.638605
-1062.221153,787,6088.22666
-20218.193764,2863,6124.036711
-20225.718213,3099,6166.114326
-20199.17597,1510,6188.658529
-2651.893391,1236,6204.387333
-20117.79988,2382,6234.545916
-20124.099194,2355,6269.391764
-11396.646092,1395,6286.454736
-3844.604608,1748,6310.688596
-2784.739713,1444,6327.990843
-20179.442248,1555,6351.182182
-20598.397199,2530,6383.554018
-20185.636691,1740,6407.881645
-5162.987524,2082,6435.671303
-6649.31319,1620,-12863.82538,2-2419.592147,1283,-20209.509725,-20153.005773,3228,-20011.812752,-20101.554939,4349,6575.134354
-4364.609051,1476,6597.475419
-2487.975656,1058,-20374.209035,5191,6644.958739
-4284.9285,158-20159.453463,4710,6708.170068
-7181.582148,3140,6750.191833
-10448.025036,2600,6783.255278
-3638.183046,1957,6809.951415
-1851.771469,88-6202.353677,359-10980.455532,3834,6875.227561
-1890.499162,794,6886.558402
-2532.161259,1632,-20144.668909,5069,6947.255046
-2929.307101-20047.417495,4000,-5000.153558,2320,7000.821957
-20136.342168,3304,7043.719125
-20104.46134,-20000.094163,5260,-20191.898206,-20071.612554,2167,-2809.745052,1-20013.758055,1718-20085.410654,1-20161.46893,2454,7165.613094
-20295.31513,1487,7183.377445
-1855.288133,1000-20058.585132,2-2671.669564,1191,-1517.602278,6-20010.211034,890-5864.920289,2971,7251.958023
-20181.62724,2226,7285.326683
-20064.545383,1455,7302.872259
-5481.732426,1753,7327.178353
-2336.150354,1021,7340.748715
-20289.566241,1382,7357.508
-19968.335831,4028,7411.382153
-2663.117972,1522,7433.917667
-20284.870879,1834,7455.105311
-20115.581492,1419,7477.098078
-20278.158671,2487,7508.648843
-20104.048846,2211,7537.871277
-2477.213371,817,7549.781243
-20111.155289-20195.308008,3598,7-20051.787166-20043.586941,3160,7-20000.487183-20064.443784,2986,7670.947969
-20182.815581,4808,7732.499016
-8720.857547,2669,7770.214344
-20406.887105,1277,7786.63008
-20126.606044,959,7799.655634
-2634.606332,1380,7820.775283
-7124.874055,3388,7864.645583
-7740.753571,3948,7917.470806
-20142.413427,5118,7987.007843
-20061.53957,2431,8018.205024
-5829.775407,2309,8047.734697
-5138.645083,1782,8072.442684
-20064.637391,2102,8100.092441
-5303.231423,1755,8124.496165
-20171.910695,2055,8152.517319
-20199.749197,2749,8190.991784
-20200.769917,2215,8220.257269
-2167.385294,1247,8236.08746
-20149.424566,1740,8259.926307
-20156.322448,2019,8287.036755
-10080.488527,1305,8303.392736
-20053.515782,3782,8355.403584
-12897.298909,1990,8382.230012
-14650.891657,803,8389.394986
-6682.807859,2890,8429.011696
-20097.997272,1727,8453.402451
-20000.308779,4372,8510.78647
-20031.253378,2179,8539.507466
-20207.325004,1282,8559.932527
-20029.808524,1671,8579.325086
-20006.136972,3096,8621.214215
-20185.659281,4539,8684.812248
-5091.66414,2245,8714.418888
-20148.123338,1823,8739.952904
-19000.738243,2558,8772.244281
-3507.380818,1566,8795.36273
-20063.187947,2267,8825.036405
-20131.63745,1903,8851.110282
-2636.260916,1244,8867.243321
-20103.473921,1667,8891.774095
-20000.6152,2080,8919.694636
-4159.70454,2279,8949.917102
-2516.563129,955,8962.328483
-3191.664812,1370,8979.04671
-20055.786103,4684,9043.514337
-20059.807297,1808,9064.199197
-20086.523775,2530,9100.20935
-20070.99449,3144,9142.406178
-20045.423247,2103,9170.434673
-6839.455531,2901,9210.088458
-20038.882008,2381,9240.643591
-918.476162,627,9250.668357
-5851.368505,2985,9291.015295
-20272.475281,4067,9345.931269
-2536.011253,799,9353.320767
-20100.852458,1337,9374.414338
-9863.55906,2978,9415.015884
-2066.093087,1209,9430.549225
-20241.173627,1674,9450.109861
-6094.085221,2262,9484.013252
-20161.691349,1749,9504.529326
-5988.031481,1969,9531.369474
-20167.914761,3384,9579.576415
-20224.594421,3911,9628.860142
-20103.17951,3526,9679.106826
-1975.987597,1090,9693.540266
-1278.463824,633,9703.745054
-5989.013499,1446,9721.066771
-20154.115345,1566,9739.910572
-12481.813219,1962,9766.565879
-20275.413875,1717,9790.652967
-11768.215124,3353,9834.797517
-20327.779734,3114,9876.300829
-2616.812423,1321,9897.147577
-20084.193799,3556,9943.813888
-2548.73624,865,9956.055738
-1718.038677,1048,9970.21505
-3481.244908,1278,9986.01136
-5409.336905,2987,10026.660974
-20066.23443,1426,10048.465341
-3539.275941,1196,10063.712565
-11229.033744,3998,10118.090426
-2359.28664,1112,10132.571478
-2831.910778,1285,10148.768341
-1969.359885,988,10162.006033
-17253.528276,1618,10185.195047
-3572.069029,1248,10200.653793
-1474.396402,919,10213.122072
-13363.676398,1513,10231.420681
-1495.918123,687,10241.929459
-3796.232338,1431,10259.624154
-20377.100566,2456,10295.023762
-1443.365608,645,10300.994354
-9694.74139,2231,10330.49635
-20059.924526,2849,10369.84621
-2515.547624,1234,10385.465959
-5363.180059,1652,10409.087653
-2730.571471,1692,10433.361187
-2252.229695,1066,10447.666422
-20313.224072,2919,10487.8477
-20023.968213,2323,10517.27596
-2195.902099,983,10530.552656
-20029.741079,1808,10555.924896
-20093.625961,2324,10585.952222
-14751.031982,1589,10605.03148
-3059.907135,1347,10626.383-13538-20130.894198,3000,10666.667321
-20132.832169,2456,10697.312849
-20124.361332,3589,10747.897068
-20084.893472,1477,10766.089658
-20030.02863,2756,10804.332213
-2162.905315,961,10817.776755
-4065.362619,1166,10832.922291
-3353.490249,1668,10852.276722
-1622.155667,833,10863.981986
-3852.47592,1223,10879.255695
-8911.591692,1944,10905.633402
-20070.762986,3032,10947.042636
-20110.680135,2104,10975.206413
-2550.438988,1341,10996.610617
-20090.619987,3537,11042.402543
-20094.936311,2241,11071.412352
-2010.332033,995,11084.726436
-20187.102275,5108,11153.747421
-20164.681373,1104,11168.266788
-2470.846435,1163,11183.105115
-2001.094782,766,11194.224213
-1791.467642,1034,11208.069092
-20166.537946,2888,11247.885645
-6261.48992,1079,11261.714151
-2847.07598,1118,11276.219561
-1-20091.499809,2958,11303.29985-17-20017.36329,2898,11343.180383-4759.324996,2495,11367.335313
-3060.411605,1491,11385.183584
--7624.414674,3377,11417.371643
-1756.664998,989,11430.939639-20053.910471,4960,11481.88086
-10986.353727,2039,11509.2386
-1079.353368,655,11519.527496
-2104.309877,809,11526.801692
--20157.883147,3134,11564.99006
-20062.175478,3634,11615.838821
-20085.586698,1908,11641.824543
-20131.307818,1285,11657.964204-58-20063.205926,2607,11690.339351
-1636.184563,824,11701.827055
-2143.778251,921,11714.3793-7192.099207,3371,11743.982839
-1004.001948,609,11753.859023
-20126.272904,1760,11778.596051
-1722.928673,793,11785.984547
-1176-20112.891912,2423,11810.23-20068.084117,3863,11848.950069
-20120.870072,2591,11881.530887
-20062.918429,1629,11905.273627
-20149.320547,2080,11933.154569
-20021.501247,4432,11991.138565
-5486.858142,1767,12016.126485
-8819.488337,2999,12056.906793
-20176.151165,2291,12086.326617
-2945.128338,889,12098.828784
-1628.439685,851,12111.1891
-20091.581702,3333,12155.04334
-20090.43418,3933,12208.78357
-2437.631842,1032,12222.475493
-1804.158101,724,12233.624531
-14193.269993,3956,12282.972968
-20193.456824,2784,12321.662934
-17166.222744,3199,12363.983244
-1165.426378,812,12375.576255
-4383.527994,1808,12401.281028
-1442.140549,698,12412.032599
-1079.143067,602,12417.720646
-20083.966789,4026,12472.222798
-2530.793318,1181,12487.5809
-20144.507715,2548,12523.83321
-20167.223316,2568,12556.473665
-4834.501614,1667,12580.354684
-1502.054666,746,12591.237529
-3486.433149,1173,12606.435426
-897.430952,574,12611.839927
-1382.867424,707,12622.467736
-6234.98678,2529,12654.442154
-20000.688802,3473,12703.466602
-20221.302421,2133,12731.57038
-3438.697807,1248,12747.355918
-1432.331899,713,12757.978431
-1442.222313,719,12768.687364
-2725.340513,934,12777.763906
-6409.308167,2274,12811.217126
-3193.689265,1109,12824.983859
-3152.437245,1479,12842.98263
-1371.870903,840,12854.842531
-1818.803788,733,12865.784972
-1084.33951,841,12877.264972
-5260.148234,2202,12905.084414
-20424.797441,1757,12925.374259
-13202.939376,1901,12951.173145
-3506.060201,1798,12976.293772
-20181.210452,2515,13008.149379
-8055.839644,1138,13027.212851
-3402.424829,1193,13042-20098.484-20090.691558,2755,13076.293802
-20062.61306,2249,131-20208.33042-20036.371718,3469,13155.242934
-2068.356867,751,13166.386063
-20254.104214,1863,13192.590764
-1198.26242,660,1319-20158.7279-3338.6661,1425,13219.932698
-1693.961531,748,13226.6-14010.2-20202.022628,1327,13247.4-20032.6-20084.76434,1149,13262.57-20576.756003,2403,13292.252999
-1997.926784,950,13305.160173
-2088.709237,937,13317.722654
-20001.733268,3493,13362.468912
-20158.64323,2385,13397.241626
-20009.126631,1558,13415.788003
-6690.790765,2770,13454.157766
-1030.649934,762,13465.170005
-2965.016257,1216,13480.293152
-7287.755511,2617,13512.767571
-10604.695054,1962,13539.526878
-12787.578656,3393,13587.275917
-5093.679158,2368,13616.958111
-20114.497743,2748,13655.919174
-1786.46686,869,13663.902208
-20046.155252,1203,13683.280011
-20054.071729,2654,13715.866155
-20135.658733,2212,13744.879937
-20152.808854,3136,13786.382663
-1620.419143,747,13797.548456
-20095.579106,2276,13827.064631
-20007.445415,2347,13861.87885
-20049.3033,3812,13909.985138
-20183.12384,3992,13963.410767
-20027.185137,3435,14012.267129
-2474.439721,976,14025.267285
-20302.928871,2211,14054.359915
-6578.784328,2470,14085.97566
-4726.120297,2049,14113.847376
-5902.932431,2535,14149.964056
-1745.759976,751,14156.659817
-20092.432326,2649,14193.684251
-20122.698043,1796,14219.067636
-4572.807873,2494,14250.836305
-20072.729657,5701,14328.984755
-20000.007815,3326,14372.561371
-20363.616152,901,14385.031456
-1224.914848,710,14391.086507
-20233.71363,1991,14417.892166
-1384.989371,787,14428.844792
-14020.191069,2602,14465.170162
-6349.749373,1671,14485.194419
-20120.571787,5039,14552.712502
-20254.674076,2850,14591.634502
-20000.909492,2646,14628.18405
-20289.555418,2057,14655.946053
-2522.48605,1188,14671.186539
-2756.992693,1215,14686.782871
-2906.362481,1642,14710.285784
-20128.186859,820,14717.909814
-20252.929238,2602,14754.989749
-20085.209499,1732,14779.36998
-20507.112795,3888,14827.357784
-7663.241654,2907,14866.70842
-3014.427623,1179,14881.860992
-2832.997039,1553,14904.575294
-20101.938227,1323,14921.067373
-20000.461424,3709,14972.637688
-6597.901855,1572,14991.619281
-20034.318717,2658,15028.934586
-3350.316987,1690,15053.588442
-5281.704279,2313,15083.339506
-20074.80728,1950,15109.434973
-20246.223174,2619,15142.130153
-925.930212,671,15152.379045
-20148.242751,2514,15184.666306
-20036.089281,2358,15219.59339
-20103.229228,2423,15249.850931
-1587.643336,767,15260.973033
-1745.44773,863,15273.020523
-3618.964,1377,15289.975958
-3265.297358,1028,15303.993605
-9169.864008,1265,15319.732076
-4120.101324,2296,15353.558981
-10219.215513,1573,15372.437372
-2475.904041,1310,15388.303135
-2639.240732,1065,15401.915918
-20301.980588,1541,15424.52108
-20160.206013,1590,15443.240765
-20252.438828,2078,15475.806183
-3259.67004,1500,15494.3389
-20271.906689,1834,15519.735975
-20121.80568,2199,15548.750923
-1522.89384,905,15561.735634
-20094.071902,828,15573.721977
-1474.70054,806,15581.194576
-1751.568056,820,15592.871572
-20058.709114,2240,15621.745019
-20072.056647,2296,15655.934749
-20295.775404,1962,15682.168001
-8069.666037,2918,15717.341297
-1090.007117,743,15728.550619
-4890.180694,1047,15742.773446
-2081.367905,1123,15757.265861
-3643.281159,1299,15777.628109
-1878.014839,979,15786.571606
-20001.381797,2089,15819.070307
-2151.391004,1125,15833.811947
-20064.898562,3106,15875.437191
-1415.030598,819,15883.1446
-20221.675229,1891,15909.551372
-20078.722967,2232,15938.742335
-5593.477806,2022,15965.835847
-20194.969636,2515,16002.392924
-20035.094838,2049,16029.666994
-1193.48109,647,16039.801695
-4389.205668,1394,16056.985384
-20003.218931,3925,16111.18228
-1347.385392,780,16118.592114
-20177.690849,1516,16141.670305
-1436.348264,884,16154.125982
-5184.843786,2494,16185.346818
-20152.999246,1213,16201.14419
-2620.710578,1191,16220.944028
-1271.571549,675,16227.232875
-9259.377303,2251,16256.001407
-1564.661218,817,16267.73609
-961.281447,735,16278.570647
-2548.823319,1580,16301.554965
-20134.705755,3498,16346.840449
-20212.336543,957,16360.112905
-20120.039534,1631,16379.461353
-20103.593106,2869,16418.839725
-20112.609705,2005,16446.024743
-20152.434747,4559,16509.129112
-997.193243,710,16515.68003
-3759.043044,1842,16541.114623
-20062.285885,1795,16566.398332
-20230.629726,1372,16583.595984
-20186.936577,1539,16605.824467
-16156.204997,3163,16648.352831
-1438.314837,813,16659.836386
-10388.092526,4287,16716.353386
-20064.572342,3002,16756.614676
-1512.285807,806,16768.370507
-9859.037753,1522,16786.844121
-2622.511863,1250,16802.594984
-5331.032509,2179,16830.751758
-20035.274576,1158,16850.14782
-20093.741648,2424,16881.143725
-20171.502794,2884,16920.78497
-4891.7942,1572,16939.521956
-20055.67707,4730,17004.975456
-4378.571115,1810,17030.323922
-5911.003225,1588,17049.093803
-20102.081004,2345,17079.108402
-17356.567151,3776,17131.297564
-2607.557605,1223,17146.616748
-20003.211809,2470,17182.544649
-1297.370733,771,17193.860092
-20091.981796,2433,17225.484674
-1471.432212,895,17237.843259
-2183.670925,1114,17252.152612
-3061.990547,1377,17269.030611
-8375.225183,2027,17296.311089
-20316.144102,3595,17346.795626
-3304.878366,1301,17363.395207
-20181.318256,3040,17403.831156
-6244.686979,1371,17420.576435
-2813.759867,1587,17443.81615
-20002.435213,4072,17498.911661
-2600.680852,1156,17513.326339
-20019.561079,1694,17537.851025
-20096.113978,1767,17558.341122
-2130.972064,973,17571.699505
-20169.570885,1403,17593.381958
-1406.708549,622,17599.107028
-15600.717459,3246,17641.798116
-5375.023575,2633,17679.139669
-1377.298252,682,17689.399899
-20107.453115,2470,17721.367658
-20097.727743,1333,17737.986659
-20000.732333,3041,17779.273546
-20059.094528,2282,17813.353613
-20177.936144,2655,17845.785382
-20002.46059,2156,17874.42557
-7549.196906,2174,17903.079051
-5986.03591,1348,17924.141869
-3787.261833,1686,17944.121722
-20053.827751,2641,17981.281472
-15584.076226,1694,18005.816287
-969.022262,584,18011.351234
-2364.671645,1276,18027.24439
-20039.077887,1973,18054.503823
-3045.899162,1380,18076.069601
-20086.229847,2776,18110.131729
-1602.367307,933,18122.894068
-861.155261,622,18133.018106
-4214.075684,1303,18149.516243
-20065.382104,2385,18179.748637
-1356.198195,692,18190.712378
-20200.7665,1708,18215.445023
-14516.431137,2079,18243.62917
-1103.132822,670,18254.238984
-3711.352142,1836,18275.305338
-2159.391688,961,18288.348429
-4648.225461,1923,18314.128869
-1969.624256,1280,18330.25555
-20029.586228,2671,18367.978705
-20214.905632,2472,18399.39097
-3833.47361,1941,18426.046371
-20123.689575,2510,18462.417008
-2044.16941,1031,18476.277184
-2037.64122,851,18488.366961
-20004.70177,2871,18523.644278
-20000.54757,2455,18559.257249
-5226.287727,1723,18579.257215
-5058.379222,2228,18612.584239
-1763.524557,958,18625.873482
-20079.368618,1508,18643.961077
-20104.617189,2272,18673.581028
-20439.114071,1876,18699.457253
-20001.348792,7923,18807.710626
-4221.869603,2247,18837.441028
-1625.251467,821,18849.23417
-20023.801276,3012,18889.767638
-2699.225007,1283,18905.514394
-20091.349265,3315,18949.121003
-10723.668198,2893,18988.700012
-20300.795783,2877,19028.828647
-7628.055664,2288,19058.556075
-20117.022475,2690,19096.504321
-4420.975858,2311,19125.812094
-1684.367961,805,19137.396616
-20220.854245,3544,19183.600712
-20084.785648,3060,19225.079975
-20011.024789,1335,19246.012053
-2855.148393,1258,19261.908606
-2558.768243,1347,19278.529464
-4247.611753,1502,19300.849633
-1152.301113,642,19306.93242
-7203.569276,1541,19329.639894
-20070.833164,2317,19359.439057
-20089.499149,1866,19385.79631
-5059.776583,2383,19416.221351
-3442.634497,1691,19440.091493
-20190.998753,1387,19457.03594
-2161.293093,951,19470.025093
-1198.746475,772,19481.508054
-1751.31277,934,19494.201935
-5195.127201,2158,19522.482464
-20210.596974,2321,19553.0509
-20016.297791,2715,19591.482135
-20099.524134,1029,19605.35265
-20023.5728,1130,19619.928182
-3003.154504,1001,19633.594811
-1091.85235,751,19644.860607
-2700.684944,1056,19658.904192
-20138.727886,3061,19700.83881
-20112.605373,1771,19721.008854
-20102.977383,2590,19757.776063
-1884.769325,917,19770.468114
-883.748351,688,19776.736186
-2817.863071,1245,19796.808259
-4408.491293,2138,19825.083041
-819.876528,644,19831.089467
-3095.243984,1587,19854.091981
-3050.600962,1262,19869.850429
-5168.70671,2358,19899.590505
-5673.671646,2441,19935.092671
-20003.025495,1992,19961.995409
-20015.012619,3105,20003.196345
-1799.04615,782,20014.514013
-1761.566845,928,20022.826079
-20028.177221,1562,20045.694398
-2426.431026,1000,20058.882718
-14431.350548,1994,20086.010987
-1374.072612,881,20098.128046
-3519.802647,1322,20114.933335
-1621.113287,847,20127.130528
-1454.679684,787,20138.666277
-2931.742109,1149,20153.395768
-3317.314917,1036,20167.0794-9419-1160.017264,721,20173.7332-3092-20111.150513,1894,20199.92-2061.8-18206.586017,675,20210.2-20108.739799,4566,20264.419804
-20074.717754,2125,20292.220165
-1888.094062,894,20304.557075
-800.280-13428.524658,1822,2031-20096.0295-20158.496619,3056,20358.290611
-1760.761521,998,2037-5302.532443,3238,20398.925607
-3737.254748,1797,20419.444683
-3676.619118,1862,20445.165015
-4561.623416,2546,20481.227404
-20094.753688,3024,20521.847552
-992.871774,716,20528.377906
-1485.316017,793,20539.826157
-1260.18-20046.707234,3033,20552-10766.922906,3229,20593.193276
-2400.860-20125.192729,3786,2062-16865.2313-5775.04689,1554,20646.-20107.58-20000.525109,1636,20666-7446.5174-20074.698583,2784,20704.651596
-1093.681735,758,20715.880631
-20002.586448,3037,20756.876728
-20035.920632,4085,20812.469889
-1384.504228,788,20824.216475
-20061.302339,3387,20868.529656
-20040.924337,1010,20882.25673
-4549.015163,1707,20906.43083
-20148.067393,2700,20939.504369
-3376.293969,1303,20960.133493
-20266.964419,1435,20977.602715
-3085.75176,1294,20994.358252
-2653.046754,1076,21008.461739
-1832.189924,915,21021.179288
-2420.712165,1167,21036.187058
-20131.009338,2261,21065.536831
-4422.637908,1728,21090.344793
-20363.277164,1772,21115.63685
-863.296254,593,21120.925763
-3186.201214,1580,-20001.18509,50-20194.028872,2987-6139.797143,294-20125.635268,234-5784.619926,3041-20172.365474,3004,21255.367089
-20180.408566,3131,21297.007006
-2170.506172,964,21309.937124
-20146.053349,3025,21350.660586
-20060.61826,2619,21388.315069
-3931.109377,1858,21409.454727
-1880.705949,932,21422.305972
-20123.553855,2869,21461.392549
-1794.216211,822,21473.248599
-1623.319582,902,21485.828466
-1062.8501,738,21496.968047
-1304.407405,703,21503.290251
-20174.47161,1682,21527.427556
-20069.122549,3306,21570.935601
-3515.538555,1346,21587.797047
-9456.248613,1273,21608.288298
-20075.115732,4142,21664.391981
-20031.738084,1610,21683.79821
-4230.902247,2303,21718.007175
-3265.857537,1270,21734.031911
-1729.165826,828,21746.158657
-20010.155646,4006,21800.863692
-5597.613647,2817,21835.015906
-6583.098076,2937,21873.972516
-20002.539054,2808,21912.655406
-20222.77167,2702,21950.11163
-20050.844996,2250,21979.494035
-6828.434678,3947,22034.078499
-20035.765948,4878,22096.596431
-20001.490513,998,22110.342206
-1518.586768,987,22123.427109
-2174.918806,906,22135.665949
-20002.331346,3434,22185.163648
-20333.434785,3901,22233.61165
-14974.048869,1913,22259.909736
-20225.601565,1964,22286.681877
-20056.020995,2453,22322.591351
-2127.837914,862,22330.461293
-4381.308521,1531,22353.063432
-7581.067741,3536,22399.648477
-2338.523668,1068,22414.041797
-5165.199999,1727,22438.615478
-1859.380128,891,22451.011562
-3738.906699,1519,22469.145597
-20036.611498,3160,22511.999878
-20195.370081,2426,22547.44704
-1648.140791,935,22560.395867
-1381.734829,814,22572.034699
-1434.555108,843,22579.744303
-20032.412437,3161,22622.136041
-4540.880591,2249,22655.669657
-20010.838733,2428,22685.949546
-18540.239992,4244,22743.20888
-20159.695845,1761,22768.082256
-20129.483639,2997,22809.046925
-1662.778416,1020,22822.799416
-2467.5297,1128,22837.419263
-1989.490338,869,22849.505222
-20104.844956,2687,22883.542936
-20011.4026,2477,22919.199225
-1903.115226,910,22931.925025
-20101.403743,2542,22964.051201
-20060.418449,2466,22999.662431
-1860.67993,1024,23013.307096
-1632.441609,724,23020.018106
-1192.025898,756,23031.333831
-1260.137675,828,23043.252209
-2537.332668,1000,23056.593848
-3252.132238,845,23068.600122
-2391.150191,1088,23082.77028
-1194.216111,805,23094.41332
-924.68019,627,23100.29384-200-1680.057879,1032,23114.086637
-20057.604638,1812,23139.143809
-20119.562181,2851,23178.511161
-20014.852316,2816,23213.533019
-1816.797663,864,23225.414829
-17524.272329,1512,23248.069386
-20218.694134,1376,23265.158564
-659.434705,623,23274.942126
-1100.363087,6-20000.645222,2012,23292.365999
-4168.06086-20144.827093,3298,233-17556.24139-6922.109285,2686,2334-20063.3733-4736.179518,2718,2338-3973.85787-3302.561221,1678,2341-20113.43604,2904,23429.629419
-20253.14878-5490.881518,2533,23459.337724
-1255.501988,708,23470-7773.9596-1-20178.254313,1720,23-1782.950-20112.21813,2130,23508.326037
-2-20140.666811,3969,-20021.357279-2-1188.297231,736,23-2806.399629-20002.836593,3681,23608.880111
-20067.794273,3131,23644.741593
-3381.284638,1723,23665.131082
-1322.166619,749,23676.417757-18356.44907,6973,23727.917848
-2371.282931,1259,237-16729.76959-20307.641693,3338,237-4854.523081-1178.14261,744,23798-20183.087-4219.014345,1984,23825.-20190.64-10284.402732,3581,23871.-20133.759961,2471,23897.797964
-940.107-20262.084285,3999,23951.182642
-20144.744038,4045,24006.189056
-2150.705705,1276,24021.871608
-1444.161131,1020,24035.465356
-4245.844075,1954,-20128.466637,2-20352.912121,2471,-20271.4341,282-3554.595323,1793-12788.61187,219-20091.113835,3330,24161.754278
-7417.914763,3306,24209.29883
-20008.756786,2184,24238.220836
-3567.491298,1623,24257.064004
-812.830944,561,24266.478703
-12052.987089,3920,24320.081834
-20000.36751,2476,24351.221343
-20068.883478,1505,24373.467942
-20125.53644,2609,24406.134225
-8480.067107,4278,24462.78987
-3096.984181,1550,24485.431239
-20053.922336,1589,24504.467586
-3102.570502,1347,24525.347775
-20207.25325,1078,24538.97515
-2111.582186,1013,24552.503889
-2721.106825,1208,24567.772679
-20015.532453,921,24580.80768-618-20000.829465,5185,24650.626343
-3937.420392,1906,24677.037246
-7796.313844,2247,24706.786559
-20014.999577,1567,24725.482398
-20275.012041,2422,24760.863809
-20174.960249,3157,24803.332544
-20141.296885,1518,24821.787979
-1003.141628,627,24831.579253
-8963.013236,2898,24870.854208
-11465.141689,2213,24899.681645
-6035.284651,2688,24937.63711
-20219.761438,1758,24958.562099
-3309.781508,2038,24985.981355
-2345.392959,1107,25000.396183
-20163.140706,3983,25053.991358
-15129.050707,1987,25081.444007
-20106.976588,1743,25106.442342
-6177.875236,2495,25138.535921
-3339.080295,1856,25163.81017
-1738.75115,888,25176.287185
3,25135.568162
-3708.079511,1588,25158.291904
-20115.912379,1711,25178.451099
39
-4897.180565,2211,25164.535032
-1575.305012,817,25176-20001.132-1647.834454,1252,25192.-2116.260365,1133,25192.781602

-2206.285658,1153,25038.977228
-20116.423572,3134,25081.485025
-20050.843051,2754,25120.250183
-20190.201699,1568,25139.329131
-20127.898211,1893,25164.975446
78.622722
-20028.106306,2248,25108.40211
-20210.050394,1915,25135.142775
-5067.388811,2195,25163.508265
-20204.627074,1517,25186.032833
48
-20278.644164,2666,25083.312878
-2929.208652,1481,25105.882059
-20021.057599,1859,25131.997251
-20148.441012,4730,25192.49596
3,2026,24999.993047
-20125.546726,2464,25035.202189
-20153.525745,2785,25069.847633
-20116.703886,1929,25096.710737
-768.202438,700,25107.567838
-20033.066389,1955,25134.663766
-1711.828754,866,25146.743262
-20059.278767,2870,25185.794843
